0,,レディース
0,,メンズ
0,,ベビー・キッズ
0,,インテリア・住まい・小物
0,,本・音楽・ゲーム
0,,おもちゃ・ホビー・グッズ
0,,コスメ・香水・美容
0,,家電・スマホ・カメラ
0,,スポーツ・レジャー
0,,ハンドメイド
0,,チケット
0,,自動車・オートバイ
0,,その他
1,1,トップス
1,1,ジャケット/アウター
1,1,パンツ
1,1,スカート
1,1,ワンピース
1,1,靴
1,1,ルームウェア/パジャマ
1,1,レッグウェア
1,1,帽子
1,1,バッグ
1,1,アクセサリー
1,1,ヘアアクセサリー
1,1,小物
1,1,時計
1,1,ウィッグ/エクステ
1,1,浴衣/水着
1,1,スーツ/フォーマル/ドレス
1,1,マタニティ
1,1,その他
1,2,トップス
1,2,ジャケット/アウター
1,2,パンツ
1,2,靴
1,2,バッグ
1,2,スーツ
1,2,帽子
1,2,アクセサリー
1,2,小物
1,2,時計
1,2,水着
1,2,レッグウェア
1,2,アンダーウェア
1,2,その他
1,3,ベビー服(女の子用)  ~95cm
1,3,ベビー服(男の子用)  ~95cm
1,3,ベビー服(男女兼用)  ~95cm
1,3,キッズ服(女の子用) 100cm~
1,3,キッズ服(男の子用) 100cm~
1,3,キッズ服(男女兼用) 100cm~
1,3,キッズ靴
1,3,子ども用ファッション小物
1,3,おむつ/トイレ/バス
1,3,外出/移動用品
1,3,授乳/食事
1,3,ベビー家具/寝具/室内用品
1,3,おもちゃ
1,3,行事/記念品
1,3,その他
1,4,キッチン/食器
1,4,ベッド/マットレス
1,4,ソファ/ソファベッド
1,4,椅子/チェア
1,4,机/テーブル
1,4,収納家具
1,4,ラグ/カーペット/マット
1,4,カーテン/ブラインド
1,4,ライト/照明
1,4,寝具
1,4,インテリア小物
1,4,季節/年中行事
1,4,その他
1,5,本
1,5,漫画
1,5,雑誌
1,5,CD
1,5,DVD/ブルーレイ
1,5,レコード
1,5,テレビゲーム
1,6,おもちゃ
1,6,タレントグッズ
1,6,コミック/アニメグッズ
1,6,トレーディングカード
1,6,フィギュア
1,6,楽器/器材
1,6,コレクション
1,6,ミリタリー
1,6,美術品
1,6,アート用品
1,6,その他
1,7,ベースメイク
1,7,メイクアップ
1,7,ネイルケア
1,7,香水
1,7,スキンケア/基礎化粧品
1,7,ヘアケア
1,7,ボディケア
1,7,オーラルケア
1,7,リラクゼーション
1,7,ダイエット
1,7,その他
1,8,スマートフォン/携帯電話
1,8,スマホアクセサリー
1,8,PC/タブレット
1,8,カメラ
1,8,テレビ/映像機器
1,8,オーディオ機器
1,8,美容/健康
1,8,冷暖房/空調
1,8,生活家電
1,8,その他
1,9,ゴルフ
1,9,フィッシング
1,9,自転車
1,9,トレーニング/エクササイズ
1,9,野球
1,9,サッカー/フットサル
1,9,テニス
1,9,スノーボード
1,9,スキー
1,9,その他スポーツ
1,9,アウトドア
1,9,その他
1,10,アクセサリー(女性用)
1,10,ファッション/小物
1,10,アクセサリー/時計
1,10,日用品/インテリア
1,10,趣味/おもちゃ
1,10,キッズ/ベビー
1,10,素材/材料
1,10,二次創作物
1,10,その他
1,11,音楽
1,11,スポーツ
1,11,演劇/芸能
1,11,イベント
1,11,映画
1,11,施設利用券
1,11,優待券/割引券
1,11,その他
1,12,自動車本体
1,12,自動車タイヤ/ホイール
1,12,自動車パーツ
1,12,自動車アクセサリー
1,12,オートバイ車体
1,12,オートバイパーツ
1,12,オートバイアクセサリー
1,12,まとめ売り
1,12,ペット用品
1,12,食品
1,12,飲料/酒
1,12,日用品/生活雑貨/旅行
1,12,アンティーク/コレクション
1,12,文房具/事務用品
1,12,事務/店舗用品
1,12,その他
2,14,Tシャツ/カットソー(半袖/袖なし)
2,14,Tシャツ/カットソー(七分/長袖)
2,14,シャツ/ブラウス(半袖/袖なし)
2,14,シャツ/ブラウス(七分/長袖)
2,14,ポロシャツ
2,14,キャミソール
2,14,タンクトップ
2,14,ホルターネック
2,14,ニット/セーター
2,14,チュニック
2,14,カーディガン/ボレロ
2,14,アンサンブル
2,14,ベスト/ジレ
2,14,パーカー
2,14,トレーナー/スウェット
2,14,ベアトップ/チューブトップ
2,14,ジャージ
2,14,その他
2,14,Tシャツ/カットソー(半袖/袖なし)
2,14,Tシャツ/カットソー(七分/長袖)
2,14,シャツ/ブラウス(半袖/袖なし)
2,14,シャツ/ブラウス(七分/長袖)
2,14,ポロシャツ
2,14,キャミソール
2,14,タンクトップ
2,14,ホルターネック
2,14,ニット/セーター
2,14,チュニック
2,14,カーディガン/ボレロ
2,14,アンサンブル
2,14,ベスト/ジレ
2,14,パーカー
2,14,トレーナー/スウェット
2,14,ベアトップ/チューブトップ
2,14,ジャージ
2,14,その他
2,15,テーラードジャケット
2,15,ノーカラージャケット
2,15,Gジャン/デニムジャケット
2,15,レザージャケット
2,15,ダウンジャケット
2,15,ライダースジャケット
2,15,ミリタリージャケット
2,15,ダウンベスト
2,15,ジャンパー/ブルゾン
2,15,ポンチョ
2,15,ロングコート
2,15,トレンチコート
2,15,ダッフルコート
2,15,ピーコート
2,15,チェスターコート
2,15,モッズコート
2,15,スタジャン
2,15,毛皮/ファーコート
2,15,スプリングコート
2,15,スカジャン
2,15,その他
2,15,テーラードジャケット
2,15,ノーカラージャケット
2,15,Gジャン/デニムジャケット
2,15,レザージャケット
2,15,ダウンジャケット
2,15,ライダースジャケット
2,15,ミリタリージャケット
2,15,ダウンベスト
2,15,ジャンパー/ブルゾン
2,15,ポンチョ
2,15,ロングコート
2,15,トレンチコート
2,15,ダッフルコート
2,15,ピーコート
2,15,チェスターコート
2,15,モッズコート
2,15,スタジャン
2,15,毛皮/ファーコート
2,15,スプリングコート
2,15,スカジャン
2,15,その他
2,16,デニム/ジーンズ
2,16,ショートパンツ
2,16,カジュアルパンツ
2,16,ハーフパンツ
2,16,チノパン
2,16,ワークパンツ/カーゴパンツ
2,16,クロップドパンツ
2,16,サロペット/オーバーオール
2,16,オールインワン
2,16,サルエルパンツ
2,16,ガウチョパンツ
2,16,その他
2,16,デニム/ジーンズ
2,16,ショートパンツ
2,16,カジュアルパンツ
2,16,ハーフパンツ
2,16,チノパン
2,16,ワークパンツ/カーゴパンツ
2,16,クロップドパンツ
2,16,サロペット/オーバーオール
2,16,オールインワン
2,16,サルエルパンツ
2,16,ガウチョパンツ
2,16,その他
2,17,ミニスカート
2,17,ひざ丈スカート
2,17,ロングスカート
2,17,キュロット
2,17,その他
2,17,ミニスカート
2,17,ひざ丈スカート
2,17,ロングスカート
2,17,キュロット
2,18,ミニワンピース
2,18,ひざ丈ワンピース
2,18,ロングワンピース
2,18,その他
2,19,ハイヒール/パンプス
2,19,ブーツ
2,19,サンダル
2,19,スニーカー
2,19,ミュール
2,19,モカシン
2,19,ローファー/革靴
2,19,フラットシューズ/バレエシューズ
2,19,長靴/レインシューズ
2,19,その他
2,20,パジャマ
2,20,ルームウェア
2,21,ソックス
2,21,スパッツ/レギンス
2,21,ストッキング/タイツ
2,21,レッグウォーマー
2,21,その他
2,22,ニットキャップ/ビーニー
2,22,ハット
2,22,ハンチング/ベレー帽
2,22,キャップ
2,22,キャスケット
2,22,麦わら帽子
2,22,その他
2,23,ハンドバッグ
2,23,トートバッグ
2,23,エコバッグ
2,23,リュック/バックパック
2,23,ボストンバッグ
2,23,スポーツバッグ
2,23,ショルダーバッグ
2,23,クラッチバッグ
2,23,ポーチ/バニティ
2,23,ボディバッグ/ウェストバッグ
2,23,マザーズバッグ
2,23,メッセンジャーバッグ
2,23,ビジネスバッグ
2,23,旅行用バッグ/キャリーバッグ
2,23,ショップ袋
2,23,和装用バッグ
2,23,かごバッグ
2,23,その他
2,24,ネックレス
2,24,ブレスレット
2,24,バングル/リストバンド
2,24,リング
2,24,ピアス(片耳用)
2,24,ピアス(両耳用)
2,24,イヤリング
2,24,アンクレット
2,24,ブローチ/コサージュ
2,24,チャーム
2,24,その他
2,25,ヘアゴム/シュシュ
2,25,ヘアバンド/カチューシャ
2,25,ヘアピン
2,25,その他
2,26,長財布
2,26,折り財布
2,26,コインケース/小銭入れ
2,26,名刺入れ/定期入れ
2,26,キーケース
2,26,キーホルダー
2,26,手袋/アームカバー
2,26,ハンカチ
2,26,ベルト
2,26,マフラー/ショール
2,26,ストール/スヌード
2,26,バンダナ/スカーフ
2,26,ネックウォーマー
2,26,サスペンダー
2,26,サングラス/メガネ
2,26,モバイルケース/カバー
2,26,手帳
2,26,イヤマフラー
2,26,傘
2,26,レインコート/ポンチョ
2,26,ミラー
2,26,タバコグッズ
2,26,その他
2,27,腕時計(アナログ)
2,27,腕時計(デジタル)
2,27,ラバーベルト
2,27,レザーベルト
2,27,金属ベルト
2,27,その他
2,28,前髪ウィッグ
2,28,ロングストレート
2,28,ロングカール
2,28,ショートストレート
2,28,ショートカール
2,28,その他
2,29,浴衣
2,29,着物
2,29,振袖
2,29,長襦袢/半襦袢
2,29,水着セパレート
2,29,水着ワンピース
2,29,水着スポーツ用
2,29,その他
2,30,スカートスーツ上下
2,30,パンツスーツ上下
2,30,ドレス
2,30,パーティーバッグ
2,30,シューズ
2,30,ウェディング
2,30,その他
2,31,トップス
2,31,アウター
2,31,インナー
2,31,ワンピース
2,31,パンツ/スパッツ
2,31,スカート
2,31,パジャマ
2,31,授乳服
2,31,その他
2,32,コスプレ
2,32,下着
2,32,その他
2,33,Tシャツ/カットソー(半袖/袖なし)
2,33,Tシャツ/カットソー(七分/長袖)
2,33,シャツ
2,33,ポロシャツ
2,33,タンクトップ
2,33,ニット/セーター
2,33,パーカー
2,33,カーディガン
2,33,スウェット
2,33,ジャージ
2,33,ベスト
2,33,その他
2,34,テーラードジャケット
2,34,ノーカラージャケット
2,34,Gジャン/デニムジャケット
2,34,レザージャケット
2,34,ダウンジャケット
2,34,ライダースジャケット
2,34,ミリタリージャケット
2,34,ナイロンジャケット
2,34,フライトジャケット
2,34,ダッフルコート
2,34,ピーコート
2,34,ステンカラーコート
2,34,トレンチコート
2,34,モッズコート
2,34,チェスターコート
2,34,スタジャン
2,34,スカジャン
2,34,ブルゾン
2,34,マウンテンパーカー
2,34,ダウンベスト
2,34,ポンチョ
2,34,カバーオール
2,34,その他
2,35,デニム/ジーンズ
2,35,ワークパンツ/カーゴパンツ
2,35,スラックス
2,35,チノパン
2,35,ショートパンツ
2,35,ペインターパンツ
2,35,サルエルパンツ
2,35,オーバーオール
2,35,その他
2,36,スニーカー
2,36,サンダル
2,36,ブーツ
2,36,モカシン
2,36,ドレス/ビジネス
2,36,長靴/レインシューズ
2,36,デッキシューズ
2,36,その他
2,37,ショルダーバッグ
2,37,トートバッグ
2,37,ボストンバッグ
2,37,リュック/バックパック
2,37,ウエストポーチ
2,37,ボディーバッグ
2,37,ドラムバッグ
2,37,ビジネスバッグ
2,37,トラベルバッグ
2,37,メッセンジャーバッグ
2,37,エコバッグ
2,37,その他
2,38,スーツジャケット
2,38,スーツベスト
2,38,スラックス
2,38,セットアップ
2,38,その他
2,39,キャップ
2,39,ハット
2,39,ニットキャップ/ビーニー
2,39,ハンチング/ベレー帽
2,39,キャスケット
2,39,サンバイザー
2,39,その他
2,40,ネックレス
2,40,ブレスレット
2,40,バングル/リストバンド
2,40,リング
2,40,ピアス(片耳用)
2,40,ピアス(両耳用)
2,40,アンクレット
2,40,その他
2,41,長財布
2,41,折り財布
2,41,マネークリップ
2,41,コインケース/小銭入れ
2,41,名刺入れ/定期入れ
2,41,キーケース
2,41,キーホルダー
2,41,ネクタイ
2,41,手袋
2,41,ハンカチ
2,41,ベルト
2,41,マフラー
2,41,ストール
2,41,バンダナ
2,41,ネックウォーマー
2,41,サスペンダー
2,41,ウォレットチェーン
2,41,サングラス/メガネ
2,41,モバイルケース/カバー
2,41,手帳
2,41,ストラップ
2,41,ネクタイピン
2,41,カフリンクス
2,41,イヤマフラー
2,41,傘
2,41,レインコート
2,41,ミラー
2,41,タバコグッズ
2,41,その他
2,42,腕時計(アナログ)
2,42,腕時計(デジタル)
2,42,ラバーベルト
2,42,レザーベルト
2,42,金属ベルト
2,42,その他
2,43,一般水着
2,43,スポーツ用
2,43,アクセサリー
2,43,その他
2,44,ソックス
2,44,レギンス/スパッツ
2,44,レッグウォーマー
2,44,その他
2,45,トランクス
2,45,ボクサーパンツ
2,45,その他
2,47,トップス
2,47,アウター
2,47,パンツ
2,47,スカート
2,47,ワンピース
2,47,ベビードレス
2,47,おくるみ
2,47,下着/肌着
2,47,パジャマ
2,47,ロンパース
2,47,その他
2,48,トップス
2,48,アウター
2,48,パンツ
2,48,おくるみ
2,48,下着/肌着
2,48,パジャマ
2,48,ロンパース
2,48,その他
2,49,トップス
2,49,アウター
2,49,パンツ
2,49,おくるみ
2,49,下着/肌着
2,49,パジャマ
2,49,ロンパース
2,49,その他
2,50,コート
2,50,ジャケット/上着
2,50,トップス(Tシャツ/カットソー)
2,50,トップス(トレーナー)
2,50,トップス(チュニック)
2,50,トップス(タンクトップ)
2,50,トップス(その他)
2,50,スカート
2,50,パンツ
2,50,ワンピース
2,50,セットアップ
2,50,パジャマ
2,50,フォーマル/ドレス
2,50,和服
2,50,浴衣
2,50,甚平
2,50,水着
2,50,その他
2,51,コート
2,51,ジャケット/上着
2,51,トップス(Tシャツ/カットソー)
2,51,トップス(トレーナー)
2,51,トップス(その他)
2,51,パンツ
2,51,セットアップ
2,51,パジャマ
2,51,フォーマル/ドレス
2,51,和服
2,51,浴衣
2,51,甚平
2,51,水着
2,51,その他
2,52,コート
2,52,ジャケット/上着
2,52,トップス(Tシャツ/カットソー)
2,52,トップス(トレーナー)
2,52,トップス(その他)
2,52,ボトムス
2,52,パジャマ
2,52,その他
2,53,スニーカー
2,53,サンダル
2,53,ブーツ
2,53,長靴
2,53,その他
2,54,靴下/スパッツ
2,54,帽子
2,54,エプロン
2,54,サスペンダー
2,54,タイツ
2,54,ハンカチ
2,54,バンダナ
2,54,ベルト
2,54,マフラー
2,54,傘
2,54,手袋
2,54,スタイ
2,54,バッグ
2,54,その他
2,55,おむつ用品
2,55,おまる/補助便座
2,55,トレーニングパンツ
2,55,ベビーバス
2,55,お風呂用品
2,55,その他
2,56,ベビーカー
2,56,抱っこひも/スリング
2,56,チャイルドシート
2,56,その他
2,57,ミルク
2,57,ベビーフード
2,57,ベビー用食器
2,57,その他
2,58,ベッド
2,58,布団/毛布
2,58,イス
2,58,たんす
2,58,その他
2,59,おふろのおもちゃ
2,59,がらがら
2,59,オルゴール
2,59,ベビージム
2,59,手押し車/カタカタ
2,59,知育玩具
2,59,その他
2,60,お宮参り用品
2,60,お食い初め用品
2,60,アルバム
2,60,手形/足形
2,60,その他
2,61,母子手帳用品
2,61,その他
2,62,食器
2,62,調理器具
2,62,収納/キッチン雑貨
2,62,弁当用品
2,62,カトラリー(スプーン等)
2,62,テーブル用品
2,62,容器
2,62,エプロン
2,62,アルコールグッズ
2,62,浄水機
2,62,その他
2,63,セミシングルベッド
2,63,シングルベッド
2,63,セミダブルベッド
2,63,ダブルベッド
2,63,ワイドダブルベッド
2,63,クイーンベッド
2,63,キングベッド
2,63,脚付きマットレスベッド
2,63,マットレス
2,63,すのこベッド
2,63,ロフトベッド/システムベッド
2,63,簡易ベッド/折りたたみベッド
2,63,収納付き
2,63,その他
2,64,ソファセット
2,64,シングルソファ
2,64,ラブソファ
2,64,トリプルソファ
2,64,オットマン
2,64,コーナーソファ
2,64,ビーズソファ/クッションソファ
2,64,ローソファ/フロアソファ
2,64,ソファベッド
2,64,応接セット
2,64,ソファカバー
2,64,リクライニングソファ
2,64,その他
2,65,一般
2,65,スツール
2,65,ダイニングチェア
2,65,ハイバックチェア
2,65,ロッキングチェア
2,65,座椅子
2,65,折り畳みイス
2,65,デスクチェア
2,65,その他
2,66,こたつ
2,66,カウンターテーブル
2,66,サイドテーブル
2,66,センターテーブル
2,66,ダイニングテーブル
2,66,座卓/ちゃぶ台
2,66,アウトドア用
2,66,パソコン用
2,66,事務机/学習机
2,66,その他
2,67,リビング収納
2,67,キッチン収納
2,67,玄関/屋外収納
2,67,バス/トイレ収納
2,67,本収納
2,67,本/CD/DVD収納
2,67,洋服タンス/押入れ収納
2,67,電話台/ファックス台
2,67,ドレッサー/鏡台
2,67,棚/ラック
2,67,ケース/ボックス
2,67,その他
2,68,ラグ
2,68,カーペット
2,68,ホットカーペット
2,68,玄関/キッチンマット
2,68,トイレ/バスマット
2,68,その他
2,69,カーテン
2,69,ブラインド
2,69,ロールスクリーン
2,69,のれん
2,69,その他
2,70,蛍光灯/電球
2,70,天井照明
2,70,フロアスタンド
2,70,その他
2,71,布団/毛布
2,71,枕
2,71,シーツ/カバー
2,71,その他
2,72,ごみ箱
2,72,ウェルカムボード
2,72,オルゴール
2,72,クッション
2,72,クッションカバー
2,72,スリッパラック
2,72,ティッシュボックス
2,72,バスケット/かご
2,72,フォトフレーム
2,72,マガジンラック
2,72,モビール
2,72,花瓶
2,72,灰皿
2,72,傘立て
2,72,小物入れ
2,72,置時計
2,72,掛時計/柱時計
2,72,鏡(立て掛け式)
2,72,鏡(壁掛け式)
2,72,置物
2,72,風鈴
2,72,植物/観葉植物
2,72,その他
2,73,正月
2,73,成人式
2,73,バレンタインデー
2,73,ひな祭り
2,73,子どもの日
2,73,母の日
2,73,父の日
2,73,サマーギフト/お中元
2,73,夏/夏休み
2,73,ハロウィン
2,73,敬老の日
2,73,七五三
2,73,お歳暮
2,73,クリスマス
2,73,冬一般
2,73,その他
2,75,文学/小説
2,75,人文/社会
2,75,ノンフィクション/教養
2,75,地図/旅行ガイド
2,75,ビジネス/経済
2,75,健康/医学
2,75,コンピュータ/IT
2,75,趣味/スポーツ/実用
2,75,住まい/暮らし/子育て
2,75,アート/エンタメ
2,75,洋書
2,75,絵本
2,75,参考書
2,75,その他
2,76,全巻セット
2,76,少年漫画
2,76,少女漫画
2,76,青年漫画
2,76,女性漫画
2,76,同人誌
2,76,その他
2,77,アート/エンタメ/ホビー
2,77,ファッション
2,77,ニュース/総合
2,77,趣味/スポーツ
2,77,その他
2,78,邦楽
2,78,洋楽
2,78,アニメ
2,78,クラシック
2,78,K-POP/アジア
2,78,キッズ/ファミリー
2,78,その他
2,79,外国映画
2,79,日本映画
2,79,アニメ
2,79,TVドラマ
2,79,ミュージック
2,79,お笑い/バラエティ
2,79,スポーツ/フィットネス
2,79,キッズ/ファミリー
2,79,その他
2,80,邦楽
2,80,洋楽
2,80,その他
2,81,家庭用ゲーム本体
2,81,家庭用ゲームソフト
2,81,携帯用ゲーム本体
2,81,携帯用ゲームソフト
2,81,PCゲーム
2,81,その他
2,82,キャラクターグッズ
2,82,ぬいぐるみ
2,82,小物/アクセサリー
2,82,模型/プラモデル
2,82,ミニカー
2,82,トイラジコン
2,82,プラモデル
2,82,ホビーラジコン
2,82,鉄道模型
2,82,その他
2,83,アイドル
2,83,ミュージシャン
2,83,タレント/お笑い芸人
2,83,スポーツ選手
2,83,その他
2,84,ストラップ
2,84,キーホルダー
2,84,バッジ
2,84,カード
2,84,クリアファイル
2,84,ポスター
2,84,タオル
2,84,その他
2,85,遊戯王
2,85,マジック：ザ・ギャザリング
2,85,ポケモンカードゲーム
2,85,デュエルマスターズ
2,85,バトルスピリッツ
2,85,プリパラ
2,85,アイカツ
2,85,カードファイト!! ヴァンガード
2,85,ヴァイスシュヴァルツ
2,85,プロ野球オーナーズリーグ
2,85,ベースボールヒーローズ
2,85,ドラゴンボール
2,85,スリーブ
2,85,その他
2,86,コミック/アニメ
2,86,特撮
2,86,ゲームキャラクター
2,86,SF/ファンタジー/ホラー
2,86,アメコミ
2,86,スポーツ
2,86,ミリタリー
2,86,その他
2,87,エレキギター
2,87,アコースティックギター
2,87,ベース
2,87,エフェクター
2,87,アンプ
2,87,弦楽器
2,87,管楽器
2,87,鍵盤楽器
2,87,打楽器
2,87,和楽器
2,87,楽譜/スコア
2,87,レコーディング/PA機器
2,87,DJ機器
2,87,DTM/DAW
2,87,その他
2,88,武具
2,88,使用済切手/官製はがき
2,88,旧貨幣/金貨/銀貨/記念硬貨
2,88,印刷物
2,88,ノベルティグッズ
2,88,その他
2,89,トイガン
2,89,個人装備
2,89,その他
2,90,陶芸
2,90,ガラス
2,90,漆芸
2,90,金属工芸
2,90,絵画/タペストリ
2,90,版画
2,90,彫刻/オブジェクト
2,90,書
2,90,写真
2,90,その他
2,91,画材
2,91,額縁
2,91,その他
2,92,トランプ/UNO
2,92,カルタ/百人一首
2,92,ダーツ
2,92,ビリヤード
2,92,麻雀
2,92,パズル/ジグソーパズル
2,92,囲碁/将棋
2,92,オセロ/チェス
2,92,人生ゲーム
2,92,野球/サッカーゲーム
2,92,スポーツ
2,92,三輪車/乗り物
2,92,ヨーヨー
2,92,模型製作用品
2,92,鉄道
2,92,航空機
2,92,アマチュア無線
2,92,パチンコ/パチスロ
2,92,その他
2,93,ファンデーション
2,93,化粧下地
2,93,コントロールカラー
2,93,BBクリーム
2,93,CCクリーム
2,93,コンシーラー
2,93,フェイスパウダー
2,93,トライアルセット/サンプル
2,93,その他
2,94,アイシャドウ
2,94,口紅
2,94,リップグロス
2,94,リップライナー
2,94,チーク
2,94,フェイスカラー
2,94,マスカラ
2,94,アイライナー
2,94,つけまつげ
2,94,アイブロウペンシル
2,94,パウダーアイブロウ
2,94,眉マスカラ
2,94,トライアルセット/サンプル
2,94,メイク道具/化粧小物
2,94,美顔用品/美顔ローラー
2,94,その他
2,95,ネイルカラー
2,95,カラージェル
2,95,ネイルベースコート/トップコート
2,95,ネイルアート用品
2,95,ネイルパーツ
2,95,ネイルチップ/付け爪
2,95,手入れ用具
2,95,除光液
2,95,その他
2,96,香水(女性用)
2,96,香水(男性用)
2,96,ユニセックス
2,96,ボディミスト
2,96,その他
2,97,化粧水/ローション
2,97,乳液/ミルク
2,97,美容液
2,97,フェイスクリーム
2,97,洗顔料
2,97,クレンジング/メイク落とし
2,97,パック/フェイスマスク
2,97,ジェル/ゲル
2,97,ブースター/導入液
2,97,アイケア
2,97,リップケア
2,97,トライアルセット/サンプル
2,97,洗顔グッズ
2,97,その他
2,98,シャンプー
2,98,トリートメント
2,98,コンディショナー
2,98,リンス
2,98,スタイリング剤
2,98,カラーリング剤
2,98,ブラシ
2,98,その他
2,99,オイル/クリーム
2,99,ハンドクリーム
2,99,ローション
2,99,日焼け止め/サンオイル
2,99,ボディソープ
2,99,入浴剤
2,99,制汗/デオドラント
2,99,フットケア
2,99,その他
2,100,口臭防止/エチケット用品
2,100,歯ブラシ
2,100,その他
2,101,エッセンシャルオイル
2,101,芳香器
2,101,お香/香炉
2,101,キャンドル
2,101,リラクゼーショングッズ
2,101,その他
2,102,ダイエット食品
2,102,エクササイズ用品
2,102,体重計
2,102,体脂肪計
2,102,その他
2,103,健康用品
2,103,看護/介護用品
2,103,救急/衛生用品
2,103,その他
2,104,スマートフォン本体
2,104,バッテリー/充電器
2,104,携帯電話本体
2,104,PHS本体
2,104,その他
2,105,Android用ケース
2,105,iPhone用ケース
2,105,カバー
2,105,イヤホンジャック
2,105,ストラップ
2,105,フィルム
2,105,自撮り棒
2,105,その他
2,106,タブレット
2,106,ノートPC
2,106,デスクトップ型PC
2,106,ディスプレイ
2,106,電子ブックリーダー
2,106,PC周辺機器
2,106,PCパーツ
2,106,その他
2,107,デジタルカメラ
2,107,ビデオカメラ
2,107,レンズ(単焦点)
2,107,レンズ(ズーム)
2,107,フィルムカメラ
2,107,防犯カメラ
2,107,その他
2,108,テレビ
2,108,プロジェクター
2,108,ブルーレイレコーダー
2,108,DVDレコーダー
2,108,ブルーレイプレーヤー
2,108,DVDプレーヤー
2,108,映像用ケーブル
2,108,その他
2,109,ポータブルプレーヤー
2,109,イヤフォン
2,109,ヘッドフォン
2,109,アンプ
2,109,スピーカー
2,109,ケーブル/シールド
2,109,ラジオ
2,109,その他
2,110,ヘアドライヤー
2,110,ヘアアイロン
2,110,美容機器
2,110,電気シェーバー
2,110,電動歯ブラシ
2,110,その他
2,111,エアコン
2,111,空気清浄器
2,111,加湿器
2,111,扇風機
2,111,除湿機
2,111,ファンヒーター
2,111,電気ヒーター
2,111,オイルヒーター
2,111,ストーブ
2,111,ホットカーペット
2,111,こたつ
2,111,電気毛布
2,111,その他
2,112,冷蔵庫
2,112,洗濯機
2,112,炊飯器
2,112,電子レンジ/オーブン
2,112,調理機器
2,112,アイロン
2,112,掃除機
2,112,エスプレッソマシン
2,112,コーヒーメーカー
2,112,衣類乾燥機
2,112,その他
2,113,その他
2,114,クラブ
2,114,ウエア(男性用)
2,114,ウエア(女性用)
2,114,バッグ
2,114,シューズ(男性用)
2,114,シューズ(女性用)
2,114,アクセサリー
2,114,その他
2,115,ロッド
2,115,リール
2,115,ルアー用品
2,115,ウエア
2,115,釣り糸/ライン
2,115,その他
2,116,自転車本体
2,116,ウエア
2,116,パーツ
2,116,アクセサリー
2,116,バッグ
2,116,工具/メンテナンス
2,116,その他
2,117,ランニング
2,117,ウォーキング
2,117,ヨガ
2,117,トレーニング用品
2,117,その他
2,118,ウェア
2,118,シューズ
2,118,グローブ
2,118,バット
2,118,アクセサリー
2,118,防具
2,118,練習機器
2,118,記念グッズ
2,118,応援グッズ
2,118,その他
2,119,ウェア
2,119,シューズ
2,119,ボール
2,119,アクセサリー
2,119,記念グッズ
2,119,応援グッズ
2,119,その他
2,120,ラケット(硬式用)
2,120,ラケット(軟式用)
2,120,ウェア
2,120,シューズ
2,120,ボール
2,120,アクセサリー
2,120,記念グッズ
2,120,応援グッズ
2,120,その他
2,121,ボード
2,121,バインディング
2,121,ブーツ(男性用)
2,121,ブーツ(女性用)
2,121,ブーツ(子ども用)
2,121,ウエア/装備(男性用)
2,121,ウエア/装備(女性用)
2,121,ウエア/装備(子ども用)
2,121,アクセサリー
2,121,バッグ
2,121,その他
2,122,板
2,122,ブーツ(男性用)
2,122,ブーツ(女性用)
2,122,ブーツ(子ども用)
2,122,ビンディング
2,122,ウエア(男性用)
2,122,ウエア(女性用)
2,122,ウエア(子ども用)
2,122,ストック
2,122,その他
2,123,ダンス/バレエ
2,123,サーフィン
2,123,バスケットボール
2,123,バドミントン
2,123,バレーボール
2,123,スケートボード
2,123,陸上競技
2,123,ラグビー
2,123,アメリカンフットボール
2,123,ボクシング
2,123,ボウリング
2,123,その他
2,124,テント/タープ
2,124,ライト/ランタン
2,124,寝袋/寝具
2,124,テーブル/チェア
2,124,ストーブ/コンロ
2,124,調理器具
2,124,食器
2,124,登山用品
2,124,その他
2,125,旅行用品
2,125,その他
2,126,ピアス
2,126,イヤリング
2,126,ネックレス
2,126,ブレスレット
2,126,リング
2,126,チャーム
2,126,ヘアゴム
2,126,アンクレット
2,126,その他
2,127,バッグ(女性用)
2,127,バッグ(男性用)
2,127,財布(女性用)
2,127,財布(男性用)
2,127,ファッション雑貨
2,127,その他
2,128,アクセサリー(男性用)
2,128,時計(女性用)
2,128,時計(男性用)
2,128,その他
2,129,キッチン用品
2,129,家具
2,129,文房具
2,129,アート/写真
2,129,アロマ/キャンドル
2,129,フラワー/ガーデン
2,129,その他
2,130,クラフト/布製品
2,130,おもちゃ/人形
2,130,その他
2,131,ファッション雑貨
2,131,スタイ/よだれかけ
2,131,外出用品
2,131,ネームタグ
2,131,その他
2,132,各種パーツ
2,132,生地/糸
2,132,型紙/パターン
2,132,その他
2,133,Ingress
2,133,クリエイターズ宇宙兄弟
2,133,シンデレラガールズCPグッズ
2,135,男性アイドル
2,135,女性アイドル
2,135,韓流
2,135,国内アーティスト
2,135,海外アーティスト
2,135,音楽フェス
2,135,声優/アニメ
2,135,その他
2,136,サッカー
2,136,野球
2,136,テニス
2,136,格闘技/プロレス
2,136,相撲/武道
2,136,ゴルフ
2,136,バレーボール
2,136,バスケットボール
2,136,モータースポーツ
2,136,ウィンタースポーツ
2,136,その他
2,137,ミュージカル
2,137,演劇
2,137,伝統芸能
2,137,落語
2,137,お笑い
2,137,オペラ
2,137,サーカス
2,137,バレエ
2,137,その他
2,138,声優/アニメ
2,138,キッズ/ファミリー
2,138,トークショー/講演会
2,138,その他
2,139,邦画
2,139,洋画
2,139,その他
2,140,遊園地/テーマパーク
2,140,美術館/博物館
2,140,スキー場
2,140,ゴルフ場
2,140,フィットネスクラブ
2,140,プール
2,140,ボウリング場
2,140,水族館
2,140,動物園
2,140,その他
2,141,ショッピング
2,141,レストラン/食事券
2,141,フード/ドリンク券
2,141,宿泊券
2,141,その他
2,143,国内自動車本体
2,143,外国自動車本体
2,144,タイヤ/ホイールセット
2,144,タイヤ
2,144,ホイール
2,144,その他
2,145,サスペンション
2,145,ブレーキ
2,145,外装、エアロパーツ
2,145,ライト
2,145,内装品、シート
2,145,ステアリング
2,145,マフラー・排気系
2,145,エンジン、過給器、冷却装置
2,145,クラッチ、ミッション、駆動系
2,145,電装品
2,145,補強パーツ
2,145,汎用パーツ
2,145,外国自動車用パーツ
2,145,その他
2,146,車内アクセサリー
2,146,カーナビ
2,146,カーオーディオ
2,146,車外アクセサリー
2,146,メンテナンス用品
2,146,チャイルドシート
2,146,ドライブレコーダー
2,146,レーダー探知機
2,146,カタログ/マニュアル
2,146,セキュリティ
2,146,ETC
2,146,その他
2,148,タイヤ
2,148,マフラー
2,148,エンジン、冷却装置
2,148,カウル、フェンダー、外装
2,148,サスペンション
2,148,ホイール
2,148,シート
2,148,ブレーキ
2,148,タンク
2,148,ライト、ウィンカー
2,148,チェーン、スプロケット、駆動系
2,148,メーター
2,148,電装系
2,148,ミラー
2,148,外国オートバイ用パーツ
2,148,その他
2,149,ヘルメット/シールド
2,149,バイクウエア/装備
2,149,アクセサリー
2,149,メンテナンス
2,149,カタログ/マニュアル
2,149,その他
2,151,ペットフード
2,151,犬用品
2,151,猫用品
2,151,魚用品/水草
2,151,小動物用品
2,151,爬虫類/両生類用品
2,151,かご/おり
2,151,鳥用品
2,151,虫類用品
2,151,その他
2,152,菓子
2,152,米
2,152,野菜
2,152,果物
2,152,調味料
2,152,魚介類(加工食品)
2,152,肉類(加工食品)
2,152,その他 加工食品
2,152,その他
2,153,コーヒー
2,153,ソフトドリンク
2,153,ミネラルウォーター
2,153,茶
2,153,ウイスキー
2,153,ワイン
2,153,ブランデー
2,153,焼酎
2,153,日本酒
2,153,ビール、発泡酒
2,153,その他
2,154,タオル/バス用品
2,154,日用品/生活雑貨
2,154,洗剤/柔軟剤
2,154,旅行用品
2,154,防災関連グッズ
2,154,その他
2,155,雑貨
2,155,工芸品
2,155,家具
2,155,印刷物
2,155,その他
2,156,筆記具
2,156,ノート/メモ帳
2,156,テープ/マスキングテープ
2,156,カレンダー/スケジュール
2,156,アルバム/スクラップ
2,156,ファイル/バインダー
2,156,はさみ/カッター
2,156,カードホルダー/名刺管理
2,156,のり/ホッチキス
2,156,その他
2,157,オフィス用品一般
2,157,オフィス家具
2,157,店舗用品
2,157,OA機器
2,157,ラッピング/包装
2,157,その他